Time Signal, 2.8455e-07
Time Signal, 2.8455e-07
Time Signal, 2.8455e-07
Time Signal, 2.8455e-07
Time Signal, 2.84571e-07
Time Signal, 2.84571e-07
Time Signal, 2.84572e-07
Time Signal, 2.84572e-07
Time Signal, 2.84589e-07
Time Signal, 2.84589e-07
Time Signal, 2.84599e-07
Time Signal, 2.84599e-07
Time Signal, 2.84611e-07
Time Signal, 2.84611e-07
2 Stream1, 2.84641e-07, 4
Stream 1 , 2.84641e-07, 4Event:99961
2 Stream7, 2.84641e-07, 4
2 Stream9, 2.8466e-07, 4
2 Stream2, 2.84747e-07, 4
Stream 2 , 2.84747e-07, 4Event:99961
2 Stream10, 2.84747e-07, 4
2 Stream11, 2.84758e-07, 4
2 Stream2, 2.84818e-07, 4
Stream 2 , 2.84818e-07, 4Event:99961
2 Stream8, 2.84818e-07, 4
2 Stream3, 2.84875e-07, 4
Stream 3 , 2.84875e-07, 4Event:99961
2 Stream8, 2.84876e-07, 4
2 Stream3, 2.84903e-07, 4
Stream 3 , 2.84903e-07, 4Event:99961
2 Stream8, 2.84904e-07, 4
2 Stream3, 2.84982e-07, 4
Stream 3 , 2.84982e-07, 4Event:99961
2 Stream8, 2.84982e-07, 4
2 Stream3, 2.84985e-07, 4
Stream 3 , 2.84985e-07, 4Event:99961
2 Stream8, 2.84986e-07, 4
2 Stream3, 2.85005e-07, 4
Stream 3 , 2.85005e-07, 4Event:99961
2 Stream8, 2.85005e-07, 4
2 Stream4, 2.85172e-07, 4
Stream 4 , 2.85172e-07, 4Event:99961
2 Stream12, 2.85173e-07, 4
2 Stream6, 2.85178e-07, 4
Stream 6 , 2.85178e-07, 4Event:99961
2 Stream12, 2.85178e-07, 4
2 Stream4, 2.85198e-07, 4
Stream 4 , 2.85198e-07, 4Event:99961
2 Stream12, 2.85198e-07, 4
2 Stream6, 2.85241e-07, 4
Stream 6 , 2.85241e-07, 4Event:99961
2 Stream12, 2.85242e-07, 4
2 Stream5, 2.85319e-07, 4
Stream 5 , 2.85319e-07, 4Event:99961
2 Stream12, 2.85319e-07, 4
2 Stream6, 2.85326e-07, 4
Stream 6 , 2.85326e-07, 4Event:99961
2 Stream12, 2.85326e-07, 4
2 Stream5, 2.85392e-07, 4
Stream 5 , 2.85392e-07, 4Event:99961
2 Stream12, 2.85392e-07, 4
2 Stream5, 2.85427e-07, 4
Stream 5 , 2.85427e-07, 4Event:99961
2 Stream12, 2.85428e-07, 4
2 Stream5, 2.85454e-07, 4
Stream 5 , 2.85454e-07, 4Event:99961
2 Stream12, 2.85455e-07, 4
2 Stream5, 2.8546e-07, 4
Stream 5 , 2.8546e-07, 4Event:99961
2 Stream12, 2.8546e-07, 4
2 Stream5, 2.8549e-07, 4
Stream 5 , 2.8549e-07, 4Event:99961
2 Stream12, 2.8549e-07, 4
Time Signal, 3.62027e-07
Time Signal, 3.62027e-07
Time Signal, 3.62106e-07
Time Signal, 3.62106e-07
Time Signal, 3.62191e-07
Time Signal, 3.62191e-07
Time Signal, 3.62289e-07
Time Signal, 3.62289e-07
Time Signal, 3.62448e-07
Time Signal, 3.62448e-07
Time Signal, 3.62454e-07
Time Signal, 3.62454e-07
Time Signal, 3.62497e-07
Time Signal, 3.62497e-07
Time Signal, 3.62694e-07
Time Signal, 3.62694e-07
Time Signal, 3.62698e-07
Time Signal, 3.62698e-07
2 Stream11, 3.62998e-07, 1
Time Signal, 3.63064e-07
Time Signal, 3.63064e-07
2 Stream2, 3.63065e-07, 1
Stream 2 , 3.63065e-07, 1Event:99964
2 Stream7, 3.63065e-07, 1
Time Signal, 3.63068e-07
Time Signal, 3.63068e-07
2 Stream11, 3.63068e-07, 1
2 Stream3, 3.63212e-07, 1
Stream 3 , 3.63212e-07, 1Event:99964
Time Signal, 3.63401e-07
Time Signal, 3.63401e-07
Time Signal, 3.63859e-07
Time Signal, 3.63859e-07
Time Signal, 3.63863e-07
Time Signal, 3.63863e-07
Time Signal, 3.64352e-07
Time Signal, 3.64352e-07
Time Signal, 3.64435e-07
Time Signal, 3.64435e-07
2 Stream6, 3.64435e-07, 1
Stream 6 , 3.64435e-07, 1Event:99964
Time Signal, 3.6444e-07
Time Signal, 3.6444e-07
2 Stream4, 3.6444e-07, 1
Stream 4 , 3.6444e-07, 1Event:99964
2 Stream8, 3.64441e-07, 1
2 Stream1, 3.64463e-07, 1
Stream 1 , 3.64463e-07, 1Event:99964
2 Stream8, 3.64463e-07, 1
2 Stream9, 3.64682e-07, 1
Time Signal, 3.93809e-07
Time Signal, 3.93809e-07
Time Signal, 3.93816e-07
Time Signal, 3.93816e-07
Time Signal, 3.93825e-07
Time Signal, 3.93825e-07
Time Signal, 3.93834e-07
Time Signal, 3.93834e-07
Time Signal, 3.93851e-07
Time Signal, 3.93851e-07
Time Signal, 3.93854e-07
Time Signal, 3.93854e-07
Time Signal, 3.93854e-07
Time Signal, 3.93854e-07
Time Signal, 3.9388e-07
Time Signal, 3.9388e-07
Time Signal, 3.9388e-07
Time Signal, 3.9388e-07
Time Signal, 3.93905e-07
Time Signal, 3.93905e-07
Time Signal, 3.93905e-07
Time Signal, 3.93905e-07
Time Signal, 3.93946e-07
Time Signal, 3.93946e-07
Time Signal, 3.93947e-07
Time Signal, 3.93947e-07
Time Signal, 3.93981e-07
Time Signal, 3.93981e-07
Time Signal, 3.93981e-07
Time Signal, 3.93981e-07
Time Signal, 3.9402e-07
Time Signal, 3.9402e-07
Time Signal, 3.9402e-07
Time Signal, 3.9402e-07
2 Stream2, 3.9402e-07, 5
Stream 2 , 3.9402e-07, 5Event:99965
2 Stream7, 3.94021e-07, 5
2 Stream11, 3.94618e-07, 5
2 Stream3, 3.94776e-07, 5
Stream 3 , 3.94776e-07, 5Event:99965
2 Stream9, 3.94777e-07, 5
Time Signal, 4.19547e-07
Time Signal, 4.19547e-07
Time Signal, 4.19555e-07
Time Signal, 4.19555e-07
Time Signal, 4.19565e-07
Time Signal, 4.19565e-07
Time Signal, 4.19573e-07
Time Signal, 4.19573e-07
Time Signal, 4.19593e-07
Time Signal, 4.19593e-07
Time Signal, 4.19594e-07
Time Signal, 4.19594e-07
Time Signal, 4.19615e-07
Time Signal, 4.19615e-07
Time Signal, 4.19652e-07
Time Signal, 4.19652e-07
Time Signal, 4.19687e-07
Time Signal, 4.19687e-07
Time Signal, 4.19687e-07
Time Signal, 4.19687e-07
Time Signal, 4.19722e-07
Time Signal, 4.19722e-07
Time Signal, 4.19722e-07
Time Signal, 4.19722e-07
Time Signal, 4.19767e-07
Time Signal, 4.19767e-07
2 Stream11, 4.19767e-07, 5
Time Signal, 4.19767e-07
Time Signal, 4.19767e-07
2 Stream2, 4.19767e-07, 5
Stream 2 , 4.19767e-07, 5Event:99966
2 Stream7, 4.19768e-07, 5
2 Stream1, 4.19897e-07, 5
Stream 1 , 4.19897e-07, 5Event:99966
2 Stream8, 4.19897e-07, 5
2 Stream9, 4.20258e-07, 5
2 Stream3, 4.20404e-07, 5
Stream 3 , 4.20404e-07, 5Event:99966
2 Stream12, 4.20404e-07, 5
2 Stream6, 4.20506e-07, 5
Stream 6 , 4.20506e-07, 5Event:99966
Time Signal, 5.10175e-07
Time Signal, 5.10175e-07
Time Signal, 5.10214e-07
Time Signal, 5.10214e-07
Time Signal, 5.10214e-07
Time Signal, 5.10214e-07
Time Signal, 5.1025e-07
Time Signal, 5.1025e-07
Time Signal, 5.10251e-07
Time Signal, 5.10251e-07
Time Signal, 5.10254e-07
Time Signal, 5.10254e-07
Time Signal, 5.10289e-07
Time Signal, 5.10289e-07
Time Signal, 5.10289e-07
Time Signal, 5.10289e-07
Time Signal, 5.10315e-07
Time Signal, 5.10315e-07
Time Signal, 5.10315e-07
Time Signal, 5.10315e-07
Time Signal, 5.10322e-07
Time Signal, 5.10322e-07
Time Signal, 5.10349e-07
Time Signal, 5.10349e-07
Time Signal, 5.1035e-07
Time Signal, 5.1035e-07
Time Signal, 5.10364e-07
Time Signal, 5.10364e-07
Time Signal, 5.10371e-07
Time Signal, 5.10371e-07
Time Signal, 5.10382e-07
Time Signal, 5.10382e-07
2 Stream2, 5.10767e-07, 4
Stream 2 , 5.10767e-07, 4Event:99970
2 Stream7, 5.10767e-07, 4
Time Signal, 5.57288e-07
Time Signal, 5.57288e-07
Time Signal, 5.5744e-07
Time Signal, 5.5744e-07
Time Signal, 5.57536e-07
Time Signal, 5.57536e-07
Time Signal, 5.5768e-07
Time Signal, 5.5768e-07
Time Signal, 5.57685e-07
Time Signal, 5.57685e-07
Time Signal, 5.58007e-07
Time Signal, 5.58007e-07
Time Signal, 5.58011e-07
Time Signal, 5.58011e-07
Time Signal, 5.58329e-07
Time Signal, 5.58329e-07
Time Signal, 5.58333e-07
Time Signal, 5.58333e-07
Time Signal, 5.59048e-07
Time Signal, 5.59048e-07
Time Signal, 5.59052e-07
Time Signal, 5.59052e-07
Time Signal, 5.59598e-07
Time Signal, 5.59598e-07
Time Signal, 5.59603e-07
Time Signal, 5.59603e-07
Time Signal, 5.59682e-07
Time Signal, 5.59682e-07
Time Signal, 5.59687e-07
Time Signal, 5.59687e-07
Time Signal, 5.89385e-07
Time Signal, 5.89385e-07
Time Signal, 5.89403e-07
Time Signal, 5.89403e-07
Time Signal, 5.8943e-07
Time Signal, 5.8943e-07
Time Signal, 5.89458e-07
Time Signal, 5.89458e-07
Time Signal, 5.89525e-07
Time Signal, 5.89525e-07
Time Signal, 5.89527e-07
Time Signal, 5.89527e-07
Time Signal, 5.89529e-07
Time Signal, 5.89529e-07
Time Signal, 5.89599e-07
Time Signal, 5.89599e-07
Time Signal, 5.896e-07
Time Signal, 5.896e-07
Time Signal, 5.89704e-07
Time Signal, 5.89704e-07
Time Signal, 5.89705e-07
Time Signal, 5.89705e-07
Time Signal, 5.8984e-07
Time Signal, 5.8984e-07
2 Stream1, 5.8984e-07, 3
Stream 1 , 5.8984e-07, 3Event:99973
2 Stream7, 5.8984e-07, 3
Time Signal, 5.89841e-07
Time Signal, 5.89841e-07
2 Stream9, 5.89841e-07, 3
Time Signal, 5.89853e-07
Time Signal, 5.89853e-07
2 Stream1, 5.89854e-07, 3
Stream 1 , 5.89854e-07, 3Event:99973
2 Stream7, 5.89854e-07, 3
Time Signal, 5.89856e-07
Time Signal, 5.89856e-07
2 Stream9, 5.89856e-07, 3
2 Stream1, 5.89872e-07, 3
Stream 1 , 5.89872e-07, 3Event:99973
2 Stream7, 5.89872e-07, 3
Time Signal, 5.89874e-07
Time Signal, 5.89874e-07
2 Stream9, 5.89874e-07, 3
2 Stream1, 5.89882e-07, 3
Stream 1 , 5.89882e-07, 3Event:99973
2 Stream7, 5.89882e-07, 3
2 Stream9, 5.89899e-07, 3
2 Stream1, 5.89901e-07, 3
Stream 1 , 5.89901e-07, 3Event:99973
2 Stream7, 5.89901e-07, 3
2 Stream9, 5.89902e-07, 3
2 Stream1, 5.89903e-07, 3
Stream 1 , 5.89903e-07, 3Event:99973
2 Stream7, 5.89904e-07, 3
2 Stream9, 5.89904e-07, 3
2 Stream1, 5.89907e-07, 3
Stream 1 , 5.89907e-07, 3Event:99973
2 Stream7, 5.89907e-07, 3
2 Stream9, 5.89909e-07, 3
2 Stream1, 5.89911e-07, 3
Stream 1 , 5.89911e-07, 3Event:99973
2 Stream7, 5.89911e-07, 3
Time Signal, 5.89938e-07
Time Signal, 5.89938e-07
2 Stream9, 5.89938e-07, 3
Time Signal, 5.89939e-07
Time Signal, 5.89939e-07
2 Stream1, 5.8994e-07, 3
Stream 1 , 5.8994e-07, 3Event:99973
2 Stream7, 5.8994e-07, 3
2 Stream9, 5.89945e-07, 3
2 Stream1, 5.89947e-07, 3
Stream 1 , 5.89947e-07, 3Event:99973
2 Stream7, 5.89947e-07, 3
2 Stream9, 5.89957e-07, 3
2 Stream1, 5.89972e-07, 3
Stream 1 , 5.89972e-07, 3Event:99973
2 Stream7, 5.89972e-07, 3
2 Stream9, 5.89976e-07, 3
2 Stream2, 5.90097e-07, 3
Stream 2 , 5.90097e-07, 3Event:99973
Time Signal, 5.90117e-07
Time Signal, 5.90117e-07
2 Stream3, 5.90117e-07, 3
Stream 3 , 5.90117e-07, 3Event:99973
Time Signal, 5.90118e-07
Time Signal, 5.90118e-07
2 Stream2, 5.90118e-07, 3
Stream 2 , 5.90118e-07, 3Event:99973
2 Stream3, 5.90131e-07, 3
Stream 3 , 5.90131e-07, 3Event:99973
2 Stream3, 5.90197e-07, 3
Stream 3 , 5.90197e-07, 3Event:99973
Time Signal, 6.09269e-07
Time Signal, 6.09269e-07
Time Signal, 6.09272e-07
Time Signal, 6.09272e-07
Time Signal, 6.09318e-07
Time Signal, 6.09318e-07
Time Signal, 6.09346e-07
Time Signal, 6.09346e-07
Time Signal, 6.09408e-07
Time Signal, 6.09408e-07
Time Signal, 6.09477e-07
Time Signal, 6.09477e-07
Time Signal, 6.09478e-07
Time Signal, 6.09478e-07
Time Signal, 6.09494e-07
Time Signal, 6.09494e-07
Time Signal, 6.09596e-07
Time Signal, 6.09596e-07
Time Signal, 6.09596e-07
Time Signal, 6.09596e-07
Time Signal, 6.09695e-07
Time Signal, 6.09695e-07
2 Stream9, 6.09695e-07, 3
Time Signal, 6.09696e-07
Time Signal, 6.09696e-07
2 Stream1, 6.09697e-07, 3
Stream 1 , 6.09697e-07, 3Event:99974
2 Stream7, 6.09697e-07, 3
Time Signal, 6.09816e-07
Time Signal, 6.09816e-07
2 Stream11, 6.09817e-07, 3
Time Signal, 6.09818e-07
Time Signal, 6.09818e-07
2 Stream2, 6.09818e-07, 3
Stream 2 , 6.09818e-07, 3Event:99974
2 Stream12, 6.09818e-07, 3
Time Signal, 6.09972e-07
Time Signal, 6.09972e-07
2 Stream3, 6.09972e-07, 3
Stream 3 , 6.09972e-07, 3Event:99974
Time Signal, 6.09973e-07
Time Signal, 6.09973e-07
2 Stream3, 6.09973e-07, 3
Stream 3 , 6.09973e-07, 3Event:99974
Time Signal, 6.3166e-07
Time Signal, 6.3166e-07
Time Signal, 6.31664e-07
Time Signal, 6.31664e-07
Time Signal, 6.32068e-07
Time Signal, 6.32068e-07
Time Signal, 6.32072e-07
Time Signal, 6.32072e-07
Time Signal, 6.32422e-07
Time Signal, 6.32422e-07
Time Signal, 6.32755e-07
Time Signal, 6.32755e-07
Time Signal, 6.32759e-07
Time Signal, 6.32759e-07
Time Signal, 6.33024e-07
Time Signal, 6.33024e-07
Time Signal, 6.3303e-07
Time Signal, 6.3303e-07
Time Signal, 6.33178e-07
Time Signal, 6.33178e-07
2 Stream7, 6.33248e-07, 0
Time Signal, 6.33252e-07
Time Signal, 6.33252e-07
2 Stream11, 6.33252e-07, 0
2 Stream2, 6.33339e-07, 0
Stream 2 , 6.33339e-07, 0Event:99975
Time Signal, 6.3335e-07
Time Signal, 6.3335e-07
2 Stream1, 6.3335e-07, 0
Stream 1 , 6.3335e-07, 0Event:99975
2 Stream3, 6.33396e-07, 0
Stream 3 , 6.33396e-07, 0Event:99975
Time Signal, 6.33411e-07
Time Signal, 6.33411e-07
2 Stream1, 6.33411e-07, 0
Stream 1 , 6.33411e-07, 0Event:99975
2 Stream9, 6.33487e-07, 0
Time Signal, 6.66664e-07
Time Signal, 6.66664e-07
Time Signal, 6.66665e-07
Time Signal, 6.66665e-07
Time Signal, 6.66797e-07
Time Signal, 6.66797e-07
Time Signal, 6.66798e-07
Time Signal, 6.66798e-07
Time Signal, 6.66912e-07
Time Signal, 6.66912e-07
Time Signal, 6.66914e-07
Time Signal, 6.66914e-07
Time Signal, 6.67033e-07
Time Signal, 6.67033e-07
Time Signal, 6.67034e-07
Time Signal, 6.67034e-07
Time Signal, 6.6714e-07
Time Signal, 6.6714e-07
Time Signal, 6.67142e-07
Time Signal, 6.67142e-07
Time Signal, 6.6722e-07
Time Signal, 6.6722e-07
Time Signal, 6.67222e-07
Time Signal, 6.67222e-07
Time Signal, 6.67287e-07
Time Signal, 6.67287e-07
Time Signal, 6.67316e-07
Time Signal, 6.67316e-07
Time Signal, 6.67344e-07
Time Signal, 6.67344e-07
Time Signal, 6.67364e-07
Time Signal, 6.67364e-07
Time Signal, 6.88513e-07
Time Signal, 6.88513e-07
Time Signal, 6.88576e-07
Time Signal, 6.88576e-07
Time Signal, 6.88653e-07
Time Signal, 6.88653e-07
Time Signal, 6.88746e-07
Time Signal, 6.88746e-07
Time Signal, 6.88888e-07
Time Signal, 6.88888e-07
Time Signal, 6.8893e-07
Time Signal, 6.8893e-07
Time Signal, 6.88936e-07
Time Signal, 6.88936e-07
Time Signal, 6.88948e-07
Time Signal, 6.88948e-07
Time Signal, 6.89156e-07
Time Signal, 6.89156e-07
Time Signal, 6.89159e-07
Time Signal, 6.89159e-07
Time Signal, 6.89533e-07
Time Signal, 6.89533e-07
Time Signal, 6.89536e-07
Time Signal, 6.89536e-07
Time Signal, 6.89915e-07
Time Signal, 6.89915e-07
Time Signal, 6.89919e-07
Time Signal, 6.89919e-07
Time Signal, 6.90323e-07
Time Signal, 6.90323e-07
Time Signal, 6.90327e-07
Time Signal, 6.90327e-07
Time Signal, 7.05043e-07
Time Signal, 7.05043e-07
Time Signal, 7.05105e-07
Time Signal, 7.05105e-07
Time Signal, 7.05191e-07
Time Signal, 7.05191e-07
Time Signal, 7.05442e-07
Time Signal, 7.05442e-07
Time Signal, 7.05447e-07
Time Signal, 7.05447e-07
Time Signal, 7.05701e-07
Time Signal, 7.05701e-07
Time Signal, 7.05704e-07
Time Signal, 7.05704e-07
Time Signal, 7.05716e-07
Time Signal, 7.05716e-07
Time Signal, 7.06043e-07
Time Signal, 7.06043e-07
Time Signal, 7.06047e-07
Time Signal, 7.06047e-07
Time Signal, 7.06472e-07
Time Signal, 7.06472e-07
Time Signal, 7.06476e-07
Time Signal, 7.06476e-07
Time Signal, 7.06797e-07
Time Signal, 7.06797e-07
Time Signal, 7.06802e-07
Time Signal, 7.06802e-07
Time Signal, 7.07454e-07
Time Signal, 7.07454e-07
Time Signal, 7.07459e-07
Time Signal, 7.07459e-07
Time Signal, 7.50244e-07
Time Signal, 7.50244e-07
Time Signal, 7.50245e-07
Time Signal, 7.50245e-07
Time Signal, 7.50395e-07
Time Signal, 7.50395e-07
Time Signal, 7.50397e-07
Time Signal, 7.50397e-07
Time Signal, 7.50538e-07
Time Signal, 7.50538e-07
Time Signal, 7.50641e-07
Time Signal, 7.50641e-07
Time Signal, 7.50642e-07
Time Signal, 7.50642e-07
Time Signal, 7.50754e-07
Time Signal, 7.50754e-07
Time Signal, 7.50756e-07
Time Signal, 7.50756e-07
Time Signal, 7.50846e-07
Time Signal, 7.50846e-07
Time Signal, 7.50848e-07
Time Signal, 7.50848e-07
Time Signal, 7.50893e-07
Time Signal, 7.50893e-07
Time Signal, 7.50926e-07
Time Signal, 7.50926e-07
2 Stream7, 7.50926e-07, 2
Time Signal, 7.50955e-07
Time Signal, 7.50955e-07
2 Stream11, 7.50955e-07, 2
Time Signal, 7.50975e-07
Time Signal, 7.50975e-07
2 Stream2, 7.50976e-07, 2
Stream 2 , 7.50976e-07, 2Event:99980
2 Stream7, 7.50976e-07, 2
2 Stream1, 7.51073e-07, 2
Stream 1 , 7.51073e-07, 2Event:99980
2 Stream3, 7.51127e-07, 2
Stream 3 , 7.51127e-07, 2Event:99980
2 Stream1, 7.51131e-07, 2
Stream 1 , 7.51131e-07, 2Event:99980
2 Stream9, 7.51174e-07, 2
2 Stream1, 7.51198e-07, 2
Stream 1 , 7.51198e-07, 2Event:99980
2 Stream9, 7.51198e-07, 2
Time Signal, 7.72738e-07
Time Signal, 7.72738e-07
Time Signal, 7.72739e-07
Time Signal, 7.72739e-07
Time Signal, 7.72889e-07
Time Signal, 7.72889e-07
Time Signal, 7.72891e-07
Time Signal, 7.72891e-07
Time Signal, 7.73032e-07
Time Signal, 7.73032e-07
Time Signal, 7.73135e-07
Time Signal, 7.73135e-07
Time Signal, 7.73136e-07
Time Signal, 7.73136e-07
Time Signal, 7.73248e-07
Time Signal, 7.73248e-07
Time Signal, 7.7325e-07
Time Signal, 7.7325e-07
Time Signal, 7.7334e-07
Time Signal, 7.7334e-07
2 Stream2, 7.73341e-07, 2
Stream 2 , 7.73341e-07, 2Event:99980
2 Stream7, 7.73341e-07, 2
Time Signal, 7.73342e-07
Time Signal, 7.73342e-07
2 Stream11, 7.73342e-07, 2
Time Signal, 7.73387e-07
Time Signal, 7.73387e-07
2 Stream2, 7.73388e-07, 2
Stream 2 , 7.73388e-07, 2Event:99980
2 Stream7, 7.73388e-07, 2
Time Signal, 7.7342e-07
Time Signal, 7.7342e-07
2 Stream11, 7.7342e-07, 2
Time Signal, 7.73449e-07
Time Signal, 7.73449e-07
2 Stream2, 7.73449e-07, 2
Stream 2 , 7.73449e-07, 2Event:99980
2 Stream7, 7.73449e-07, 2
Time Signal, 7.73469e-07
Time Signal, 7.73469e-07
2 Stream11, 7.7347e-07, 2
2 Stream3, 7.73567e-07, 2
Stream 3 , 7.73567e-07, 2Event:99980
2 Stream3, 7.73621e-07, 2
Stream 3 , 7.73621e-07, 2Event:99980
2 Stream3, 7.73625e-07, 2
Stream 3 , 7.73625e-07, 2Event:99980
2 Stream3, 7.73668e-07, 2
Stream 3 , 7.73668e-07, 2Event:99980
2 Stream3, 7.73692e-07, 2
Stream 3 , 7.73692e-07, 2Event:99980
Time Signal, 8.36642e-07
Time Signal, 8.36642e-07
Time Signal, 8.36647e-07
Time Signal, 8.36647e-07
Time Signal, 8.36657e-07
Time Signal, 8.36657e-07
Time Signal, 8.36665e-07
Time Signal, 8.36665e-07
Time Signal, 8.36686e-07
Time Signal, 8.36686e-07
Time Signal, 8.36686e-07
Time Signal, 8.36686e-07
Time Signal, 8.36712e-07
Time Signal, 8.36712e-07
Time Signal, 8.36713e-07
Time Signal, 8.36713e-07
Time Signal, 8.36743e-07
Time Signal, 8.36743e-07
Time Signal, 8.36743e-07
Time Signal, 8.36743e-07
Time Signal, 8.36809e-07
Time Signal, 8.36809e-07
Time Signal, 8.36809e-07
Time Signal, 8.36809e-07
Time Signal, 8.36854e-07
Time Signal, 8.36854e-07
Time Signal, 8.36855e-07
Time Signal, 8.36855e-07
2 Stream1, 8.3732e-07, 5
Stream 1 , 8.3732e-07, 5Event:99983
2 Stream7, 8.3732e-07, 5
Time Signal, 9.11895e-07
Time Signal, 9.11895e-07
Time Signal, 9.11897e-07
Time Signal, 9.11897e-07
Time Signal, 9.1205e-07
Time Signal, 9.1205e-07
Time Signal, 9.12051e-07
Time Signal, 9.12051e-07
Time Signal, 9.1215e-07
Time Signal, 9.1215e-07
Time Signal, 9.12152e-07
Time Signal, 9.12152e-07
Time Signal, 9.12288e-07
Time Signal, 9.12288e-07
Time Signal, 9.1229e-07
Time Signal, 9.1229e-07
Time Signal, 9.12388e-07
Time Signal, 9.12388e-07
Time Signal, 9.12389e-07
Time Signal, 9.12389e-07
Time Signal, 9.12464e-07
Time Signal, 9.12464e-07
Time Signal, 9.12478e-07
Time Signal, 9.12478e-07
Time Signal, 9.12481e-07
Time Signal, 9.12481e-07
Time Signal, 9.12527e-07
Time Signal, 9.12527e-07
Time Signal, 9.12556e-07
Time Signal, 9.12556e-07
Time Signal, 9.12592e-07
Time Signal, 9.12592e-07
2 Stream2, 9.12592e-07, 2
Stream 2 , 9.12592e-07, 2Event:99986
2 Stream7, 9.12592e-07, 2
Time Signal, 9.12612e-07
Time Signal, 9.12612e-07
2 Stream11, 9.12612e-07, 2
2 Stream3, 9.12818e-07, 2
Stream 3 , 9.12818e-07, 2Event:99986
2 Stream9, 9.12818e-07, 2
Time Signal, 9.38805e-07
Time Signal, 9.38805e-07
Time Signal, 9.38806e-07
Time Signal, 9.38806e-07
Time Signal, 9.38851e-07
Time Signal, 9.38851e-07
Time Signal, 9.38852e-07
Time Signal, 9.38852e-07
Time Signal, 9.38887e-07
Time Signal, 9.38887e-07
Time Signal, 9.38887e-07
Time Signal, 9.38887e-07
Time Signal, 9.38926e-07
Time Signal, 9.38926e-07
Time Signal, 9.38926e-07
Time Signal, 9.38926e-07
Time Signal, 9.38956e-07
Time Signal, 9.38956e-07
Time Signal, 9.38957e-07
Time Signal, 9.38957e-07
Time Signal, 9.38979e-07
Time Signal, 9.38979e-07
Time Signal, 9.38979e-07
Time Signal, 9.38979e-07
Time Signal, 9.38996e-07
Time Signal, 9.38996e-07
Time Signal, 9.39013e-07
Time Signal, 9.39013e-07
Time Signal, 9.39016e-07
Time Signal, 9.39016e-07
Time Signal, 9.3902e-07
Time Signal, 9.3902e-07
2 Stream1, 9.39273e-07, 4
Stream 1 , 9.39273e-07, 4Event:99987
2 Stream7, 9.39273e-07, 4
2 Stream9, 9.39635e-07, 4
Time Signal, 1.04317e-06
Time Signal, 1.04317e-06
Time Signal, 1.04318e-06
Time Signal, 1.04318e-06
Time Signal, 1.0432e-06
Time Signal, 1.0432e-06
Time Signal, 1.04333e-06
Time Signal, 1.04333e-06
Time Signal, 1.04347e-06
Time Signal, 1.04347e-06
Time Signal, 1.04358e-06
Time Signal, 1.04358e-06
2 Stream9, 1.04358e-06, 2
Time Signal, 1.04358e-06
Time Signal, 1.04358e-06
2 Stream1, 1.04358e-06, 2
Stream 1 , 1.04358e-06, 2Event:99991
2 Stream7, 1.04358e-06, 2
Time Signal, 1.04367e-06
Time Signal, 1.04367e-06
2 Stream3, 1.04367e-06, 2
Stream 3 , 1.04367e-06, 2Event:99991
Time Signal, 1.04367e-06
Time Signal, 1.04367e-06
2 Stream2, 1.04367e-06, 2
Stream 2 , 1.04367e-06, 2Event:99991
Time Signal, 1.04375e-06
Time Signal, 1.04375e-06
2 Stream2, 1.04375e-06, 2
Stream 2 , 1.04375e-06, 2Event:99991
Time Signal, 1.04375e-06
Time Signal, 1.04375e-06
2 Stream2, 1.04375e-06, 2
Stream 2 , 1.04375e-06, 2Event:99991
Time Signal, 1.04377e-06
Time Signal, 1.04377e-06
2 Stream2, 1.04377e-06, 2
Stream 2 , 1.04377e-06, 2Event:99991
2 Stream10, 1.04377e-06, 2
Time Signal, 1.04377e-06
Time Signal, 1.04377e-06
2 Stream8, 1.04377e-06, 2
Time Signal, 1.04382e-06
Time Signal, 1.04382e-06
2 Stream2, 1.04383e-06, 2
Stream 2 , 1.04383e-06, 2Event:99991
2 Stream8, 1.04383e-06, 2
Time Signal, 1.04386e-06
Time Signal, 1.04386e-06
2 Stream2, 1.04386e-06, 2
Stream 2 , 1.04386e-06, 2Event:99991
2 Stream8, 1.04386e-06, 2
Time Signal, 1.04388e-06
Time Signal, 1.04388e-06
2 Stream2, 1.04388e-06, 2
Stream 2 , 1.04388e-06, 2Event:99991
2 Stream8, 1.04388e-06, 2
Time Signal, 1.04391e-06
Time Signal, 1.04391e-06
2 Stream2, 1.04391e-06, 2
Stream 2 , 1.04391e-06, 2Event:99991
2 Stream8, 1.04391e-06, 2
2 Stream8, 1.04397e-06, 2
Time Signal, 1.06664e-06
Time Signal, 1.06664e-06
Time Signal, 1.06665e-06
Time Signal, 1.06665e-06
Time Signal, 1.06719e-06
Time Signal, 1.06719e-06
Time Signal, 1.06719e-06
Time Signal, 1.06719e-06
Time Signal, 1.0672e-06
Time Signal, 1.0672e-06
Time Signal, 1.0679e-06
Time Signal, 1.0679e-06
2 Stream7, 1.0679e-06, 0
Time Signal, 1.0679e-06
Time Signal, 1.0679e-06
2 Stream11, 1.0679e-06, 0
Time Signal, 1.0679e-06
Time Signal, 1.0679e-06
2 Stream2, 1.0679e-06, 0
Stream 2 , 1.0679e-06, 0Event:99992
2 Stream7, 1.0679e-06, 0
Time Signal, 1.06792e-06
Time Signal, 1.06792e-06
2 Stream11, 1.06792e-06, 0
Time Signal, 1.06823e-06
Time Signal, 1.06823e-06
Time Signal, 1.06824e-06
Time Signal, 1.06824e-06
Time Signal, 1.06853e-06
Time Signal, 1.06853e-06
Time Signal, 1.06853e-06
Time Signal, 1.06853e-06
Time Signal, 1.06869e-06
Time Signal, 1.06869e-06
Time Signal, 1.06879e-06
Time Signal, 1.06879e-06
Time Signal, 1.06886e-06
Time Signal, 1.06886e-06
Time Signal, 1.06894e-06
Time Signal, 1.06894e-06
Time Signal, 1.10831e-06
Time Signal, 1.10831e-06
Time Signal, 1.10879e-06
Time Signal, 1.10879e-06
Time Signal, 1.10879e-06
Time Signal, 1.10879e-06
Time Signal, 1.10886e-06
Time Signal, 1.10886e-06
Time Signal, 1.10887e-06
Time Signal, 1.10887e-06
Time Signal, 1.10919e-06
Time Signal, 1.10919e-06
Time Signal, 1.10919e-06
Time Signal, 1.10919e-06
Time Signal, 1.1092e-06
Time Signal, 1.1092e-06
Time Signal, 1.10958e-06
Time Signal, 1.10958e-06
Time Signal, 1.10959e-06
Time Signal, 1.10959e-06
Time Signal, 1.10992e-06
Time Signal, 1.10992e-06
Time Signal, 1.10993e-06
Time Signal, 1.10993e-06
Time Signal, 1.11024e-06
Time Signal, 1.11024e-06
Time Signal, 1.11025e-06
Time Signal, 1.11025e-06
Time Signal, 1.1104e-06
Time Signal, 1.1104e-06
Time Signal, 1.11058e-06
Time Signal, 1.11058e-06
Time Signal, 1.11063e-06
Time Signal, 1.11063e-06
Time Signal, 1.14002e-06
Time Signal, 1.14002e-06
Time Signal, 1.14009e-06
Time Signal, 1.14009e-06
Time Signal, 1.14019e-06
Time Signal, 1.14019e-06
Time Signal, 1.14027e-06
Time Signal, 1.14027e-06
Time Signal, 1.14028e-06
Time Signal, 1.14028e-06
Time Signal, 1.14043e-06
Time Signal, 1.14043e-06
Time Signal, 1.14044e-06
Time Signal, 1.14044e-06
Time Signal, 1.1407e-06
Time Signal, 1.1407e-06
Time Signal, 1.14071e-06
Time Signal, 1.14071e-06
Time Signal, 1.14071e-06
Time Signal, 1.14071e-06
Time Signal, 1.14102e-06
Time Signal, 1.14102e-06
Time Signal, 1.14102e-06
Time Signal, 1.14102e-06
Time Signal, 1.14139e-06
Time Signal, 1.14139e-06
Time Signal, 1.14139e-06
Time Signal, 1.14139e-06
2 Stream9, 1.14143e-06, 1
2 Stream1, 1.14167e-06, 1
Stream 1 , 1.14167e-06, 1Event:99995
Time Signal, 1.14187e-06
Time Signal, 1.14187e-06
Time Signal, 1.14188e-06
Time Signal, 1.14188e-06
Time Signal, 1.14243e-06
Time Signal, 1.14243e-06
2 Stream8, 1.14248e-06, 1
2 Stream8, 1.14248e-06, 1
2 Stream3, 1.14259e-06, 1
Stream 3 , 1.14259e-06, 1Event:99995
2 Stream2, 1.14262e-06, 1
Stream 2 , 1.14262e-06, 1Event:99995
Time Signal, 1.18441e-06
Time Signal, 1.18441e-06
Time Signal, 1.18441e-06
Time Signal, 1.18441e-06
Time Signal, 1.18446e-06
Time Signal, 1.18446e-06
Time Signal, 1.18446e-06
Time Signal, 1.18446e-06
Time Signal, 1.18449e-06
Time Signal, 1.18449e-06
Time Signal, 1.18449e-06
Time Signal, 1.18449e-06
Time Signal, 1.18452e-06
Time Signal, 1.18452e-06
Time Signal, 1.18453e-06
Time Signal, 1.18453e-06
Time Signal, 1.18456e-06
Time Signal, 1.18456e-06
Time Signal, 1.18456e-06
Time Signal, 1.18456e-06
Time Signal, 1.18456e-06
Time Signal, 1.18456e-06
Time Signal, 1.18456e-06
Time Signal, 1.18456e-06
Time Signal, 1.18457e-06
Time Signal, 1.18457e-06
Time Signal, 1.18458e-06
Time Signal, 1.18458e-06
Time Signal, 1.1846e-06
Time Signal, 1.1846e-06
Time Signal, 1.1846e-06
Time Signal, 1.1846e-06
Time Signal, 1.18461e-06
Time Signal, 1.18461e-06
Time Signal, 1.18463e-06
Time Signal, 1.18463e-06
2 Stream11, 1.18486e-06, 4
2 Stream2, 1.18496e-06, 4
Stream 2 , 1.18496e-06, 4Event:99997
2 Stream7, 1.18496e-06, 4
2 Stream1, 1.18504e-06, 4
Stream 1 , 1.18504e-06, 4Event:99997
2 Stream8, 1.18504e-06, 4
2 Stream9, 1.18546e-06, 4
2 Stream3, 1.18551e-06, 4
Stream 3 , 1.18551e-06, 4Event:99997
2 Stream12, 1.18551e-06, 4